name,gender
Kiari,girl
Ruku,boy
Alissa,girl
Josie,girl
Natasha,girl
Kylee,girl
Jerry,boy
Ritsuko,girl
Alberto,boy
Azuma,boy
Chance,boy
Preston,boy
Wayne,boy
Paul,boy
Kanami,girl
Lawrence,boy
Jordyn,girl
Yui,girl
Nushiru,girl
Tsumiki,girl
Hinami,girl
Kumiko,girl
Jane,girl
Reio,boy
Mito,boy
Yurina,girl
Hiroshi,boy
Audrey,girl
Shelby,girl
Mika,girl
Kirua,boy
Ariel,girl
Eugene,boy
Kiriya,boy
Amy,girl
Melissa,girl
Chiemi,girl
Kazuha,girl
Ana,girl
Logan,boy
Cindy,girl
Giovanni,boy
Hakuto,boy
Kelsie,girl
Luis,boy
Steve,boy
John,boy
Gina,girl
Yamiko,girl
Cassandra,girl
Taro,boy
Nurin,girl
Hikari,girl
Karina,girl
Keito,boy
Kiko,girl
Mahi,girl
Landon,boy
Chie,girl
Kristopher,boy
Eduardo,boy
Eichi,boy
Tyler,girl
Marquis,boy
Kirsten,girl
Teresa,girl
Brody,boy
Nemu,girl
Chiyomi,girl
Eisuke,boy
Harua,boy
Mahito,boy
Aiyu,girl
Wakana,girl
Jared,boy
Alma,girl
Nobuhiro,boy
Hector,boy
Jarred,boy
Eijun,boy
Ricky,boy
Sakuya,boy
Haruko,girl
Asuna,girl
Tiana,girl
Taisuke,boy
Delaney,girl
Akimi,girl
Ishin,boy
Mitsuri,girl
Tyrone,boy
Emilee,girl
Ayato,boy
Frank,boy
Airi,girl
Shira,girl
Mikuni,boy
Julianne,girl
Mitchell,boy
Ellen,girl
Arina,girl
Damien,boy
Yuan,boy
Emily,girl
Savannah,girl
Keina,girl
Aeri,girl
Azami,girl
Sei,boy
Miran,girl
Javier,boy
Narumi,girl
Kristen,girl
Akumu,girl
Kristina,girl
Lisa,girl
Shion,girl
Terrell,boy
Gabriel,boy
Skye,girl
Leah,girl
Ruki,boy
Seri,girl
Mikasa,girl
Yoshio,boy
Harukaze,boy
Abi,girl
Spencer,boy
Otoya,boy
Kiba,boy
Nanako,girl
Sebastian,boy
Hallie,girl
Tessa,girl
Keiko,girl
Trenton,boy
Olivia,girl
Natari,girl
Orika,girl
Harutaka,boy
Takara,boy
Kagami,girl
Felicia,girl
Kazuhito,boy
Allie,girl
Miwa,girl
Noeru,girl
Alina,girl
Nobunaga,boy
Tomori,girl
Fumie,girl
Hachi,boy
Taeko,girl
Devon,boy
Claire,girl
Yumeko,girl
Ricardo,boy
Brandon,boy
Deanna,girl
Gustavo,boy
Roger,boy
Asahi,girl
Ibuki,boy
Junji,boy
Suke,boy
Kokomo,girl
Inori,girl
Riamu,boy
Danielle,girl
Trey,boy
Brenda,girl
Takashi,boy
Hirotaka,boy
Ahmad,boy
Harumi,boy
Hayashi,boy
Callie,girl
Elijah,boy
Dalton,boy
Derek,boy
Yukiya,boy
Mizuto,boy
Issac,boy
Shane,boy
Nobuki,boy
Aki,boy
Izayoi,girl
Anna,girl
Heather,girl
Katie,girl
Aubrey,girl
Nayuta,girl
Kara,girl
Alfredo,boy
Trent,boy
Noel,boy
Kaneko,girl
Dominick,boy
Kazuhiko,boy
Jordan,boy
Himeko,girl
Naji,boy
Katsuki,boy
Sen,boy
Haiko,girl
Suzuha,girl
Murasaki,girl
Han,boy
Mifuyu,girl
Warren,boy
Madeleine,girl
Kokona,girl
James,boy
Tenko,girl
Martha,girl
Akitaka,boy
Mohammad,boy
Katsuhiko,boy
Reiya,boy
Robyn,girl
Yanagi,girl
Russell,boy
Shayna,girl
Neru,girl
Kassidy,girl
Jenny,girl
Naomi,girl
Davis,boy
Kaiba,boy
Kino,boy
Koyuki,girl
Brandi,girl
Mizuki,boy
Alaina,girl
Fumika,girl
Vivian,girl
Junsei,boy
Miko,girl
Frances,girl
Hatsuki,girl
Gloria,girl
Rinji,boy
Viviana,girl
Ui,girl
Masami,boy
Izumi,girl
Rein,boy
Terrence,boy
Ann,girl
Hajime,girl
Reed,boy
Ernesto,boy
Shiba,boy
Katherine,girl
Saiga,boy
Kyle,boy
Ushio,boy
Renka,girl
Bryan,boy
Damion,boy
Chasity,girl
Donald,boy
Malachi,boy
Johnathan,boy
Kimio,boy
Hideto,boy
Brenna,girl
Jake,boy
Darian,boy
Ellie,girl
Kiyo,boy
Tomi,girl
Nathanael,boy
Meru,girl
Avery,boy
Caden,boy
Miyoko,girl
Abbey,girl
Tetsuo,boy
Yukie,girl
Terrance,boy
Hailee,girl
Janet,girl
Autumn,girl
Riley,boy
Senju,girl
Andres,boy
Cara,girl
Kimika,girl
Jillian,girl
Omaru,boy
Samantha,girl
Brady,boy
Koemi,girl
Saki,girl
Katsuya,boy
Yukina,girl
Mion,girl
Yukimura,boy
Tiffany,girl
Inami,girl
Umiko,girl
Aori,girl
Virginia,girl
Ezra,boy
Tomomi,girl
Yura,boy
Anzu,boy
Zachary,boy
Tatum,girl
Desiree,girl
Sasuke,boy
Danji,boy
Nia,girl
Francesca,girl
Akiru,boy
Asuka,girl
Curtis,boy
Kelly,girl
Mayuka,girl
Aileen,girl
Chase,boy
Arielle,girl
Yuki,girl
Michi,boy
Angelo,boy
Ivan,boy
Talia,girl
Fuki,girl
Harley,girl
Kanato,boy
Akimasa,boy
Kiyoshi,boy
Dale,boy
Chad,boy
Raven,girl
Kaden,boy
Michiko,girl
Koichi,boy
Marisol,girl
Mitsuko,girl
Shirogane,boy
Kanna,girl
Seki,girl
Kaila,girl
Asa,boy
Hunter,girl
Takumo,boy
Mercedes,girl
Tsurugi,boy
Shimo,boy
Jazmin,girl
Christian,boy
Futaba,girl
Cristian,boy
Kuni,boy
Nobara,girl
Kali,girl
Jamal,boy
Seto,boy
Raquel,girl
Sidney,girl
Zackery,boy
Jio,boy
Kinari,girl
Dane,boy
Kiera,girl
Gerardo,boy
Natalia,girl
Naofumi,boy
Namie,girl
Mizuha,girl
Misae,girl
Nagi,boy
Nezuko,girl
Yasmine,girl
Rebecca,girl
Yozora,boy
Lindsey,girl
Jason,boy
Ian,boy
Shido,boy
Saki,boy
Tomo,girl
Genesis,girl
Hibari,boy
Nabi,girl
Carson,boy
Tatiana,girl
Annika,girl
Sarah,girl
Erika,girl
Arturo,boy
Nikolas,boy
Raion,boy
Kisara,girl
Conner,boy
Ginka,girl
Lily,girl
Leon,boy
Damian,boy
Diamond,girl
Shio,girl
Calvin,boy
Gillian,girl
Kameron,boy
Nichole,girl
Yurei,girl
Hannah,girl
Anastasia,girl
Breanna,girl
Marisa,girl
Fuwari,girl
Drew,boy
Janae,girl
Gerald,boy
Nino,girl
Cody,boy
Sumina,girl
Ginji,boy
Morgan,girl
Kiyoko,girl
Niya,girl
Maika,girl
Amako,girl
Momoka,girl
Kiana,girl
Sasa,girl
Fujio,boy
Martin,boy
Reito,boy
Raul,boy
Shion,boy
Alyson,girl
Demetrius,boy
Beni,boy
Hachimitsu,girl
Noki,girl
Noe,boy
Lizbeth,girl
Cristina,girl
Akeno,girl
Kirari,girl
Sana,girl
Gianna,girl
Emma,girl
Mikaela,girl
Ashlynn,girl
Yuki,boy
Christine,girl
Aguri,girl
Alex,boy
Nadeshiko,girl
Kenji,boy
Hani,girl
Meguri,girl
Sarina,girl
Momoko,girl
Hayden,boy
Saika,girl
Meri,girl
Stanley,boy
Katelyn,girl
Walter,boy
Isami,boy
Hailey,girl
Fernando,boy
Katsura,girl
Hana,boy
Miro,girl
Kairo,boy
Caitlyn,girl
Henry,boy
Akumu,boy
Akari,girl
Ari,boy
Zuina,girl
Kanta,boy
Ayano,girl
Aimee,girl
Cade,boy
Aruto,boy
Trace,boy
Jesus,boy
Naruse,boy
Chiaki,girl
Rachel,girl
Izuku,boy
Alison,girl
Zantetsu,boy
Nayu,girl
Tamia,girl
Carmen,girl
Sayuri,girl
Justin,boy
Aidan,boy
Corey,boy
Vincent,boy
Alana,girl
Benio,girl
Yoshimi,girl
Seth,boy
Keegan,boy
Margaret,girl
Yori,boy
Xavier,boy
Julio,boy
Kaya,girl
Adrienne,girl
Kano,boy
Kayla,girl
Mario,boy
Emanuel,boy
Kazushi,boy
Levi,boy
Arisato,boy
Brayden,boy
Malcolm,boy
Alexa,girl
Brooke,girl
Yumina,girl
Troy,boy
Kimberly,girl
Mikari,girl
Noah,boy
Toshiyuki,boy
Shizuki,boy
Chinami,girl
Regan,girl
Quinton,boy
Nora,girl
Justice,girl
Isamu,boy
Meko,girl
Randy,boy
Sakai,boy
Tsukiyo,girl
Tara,girl
Saeki,boy
Kiku,boy
Deja,girl
Maya,girl
Yoshimi,boy
Raymond,boy
Larissa,girl
Sayo,girl
Juliana,girl
Suzuya,boy
Ruby,girl
Mao,girl
Hajime,boy
Joseph,boy
Miku,boy
Javon,boy
Mako,girl
Jeffrey,boy
Isaiah,boy
Edgar,boy
Clare,girl
Gavin,boy
Daisy,girl
Charlie,boy
Atsuto,boy
Addison,girl
Io,girl
Saruto,boy
Lucas,boy
Kengo,boy
Haruyoshi,boy
Jacob,boy
Michiru,girl
Chika,boy
Bruce,boy
Dennis,boy
Jace,boy
Mimu,girl
Casey,girl
Cesar,boy
Motoko,girl
Ron,boy
Dakota,boy
Sayoko,girl
Mirei,girl
Juno,girl
Megan,girl
Charles,boy
Kian,boy
Miyumi,girl
George,boy
Riko,girl
Kazaki,boy
Himawari,girl
Chieko,girl
Miles,boy
Emilio,boy
Gabriella,girl
Tristen,boy
Shannon,girl
Skylar,boy
Katlyn,girl
Itsuka,girl
Kaylin,girl
Kohei,boy
Ami,girl
Molly,girl
Joel,boy
Ashton,girl
Chiyoko,girl
Mallory,girl
Tomu,boy
Sachi,girl
Kanna,boy
Kei,boy
Toshiya,boy
Tamara,girl
Yami,boy
Towa,girl
Haleigh,girl
Tsutomu,boy
Saito,boy
Elisa,girl
Saemi,girl
Suki,boy
Kento,boy
Kazuyuki,boy
Seimei,boy
Meagan,girl
Chloe,girl
Ezekiel,boy
Uno,boy
Liam,boy
Brandy,girl
Tao,boy
Koga,boy
Midoriya,boy
Allen,boy
Alexandra,girl
Tsuna,girl
Makayla,girl
Marc,boy
Esmeralda,girl
Roy,boy
Catherine,girl
Guadalupe,girl
Yui,boy
Keishin,boy
Tamu,boy
Ran,boy
Enrique,boy
Mikuri,girl
Linda,girl
Uzuki,boy
Hanami,girl
Erik,boy
Aino,girl
Amu,girl
Alisha,girl
Kimimaro,boy
Leticia,girl
Bethany,girl
Konoko,girl
Nina,girl
Reimi,girl
Brittney,girl
Mackenzie,girl
Haruhito,boy
Raiko,girl
Itoshi,boy
Aru,girl
Mieko,girl
Allan,boy
Ringo,boy
Takaya,boy
Allison,girl
Imani,girl
Jakob,boy
Lee,boy
Stephanie,girl
Kevin,boy
Ramon,boy
Aki,girl
Erina,girl
Yasuyuki,boy
Haruhi,girl
Kendall,girl
Brianna,girl
Masahiko,boy
Jackson,boy
Biju,girl
Asa,girl
Yesenia,girl
Carolyn,girl
Seiha,boy
Asashi,boy
Akaya,boy
Reece,boy
Tucker,boy
Colby,boy
Kinu,girl
Kiki,boy
Drake,boy
Alice,girl
Hideki,boy
Mariana,girl
Sadaharu,boy
Brent,boy
Hayato,boy
Shigure,boy
Kazutora,boy
Frederick,boy
Yuichi,boy
Shinki,boy
Lexi,girl
Koko,girl
Jesse,boy
Rui,girl
Suzume,girl
Yukihime,girl
Courtney,girl
Mishi,girl
Kendall,boy
Kodaka,boy
Toshinori,boy
Kendra,girl
Larry,boy
Amber,girl
Kaio,boy
Steven,boy
Izuki,boy
Cheyenne,girl
Dominique,boy
Victoria,girl
Sylvia,girl
Hayame,girl
Richard,boy
Meredith,girl
Rukia,girl
Payton,girl
Yuma,boy
Minazuki,girl
Connor,boy
Whitney,girl
Rensei,boy
Ivy,girl
Gabrielle,girl
Masataka,boy
Faith,girl
Tommy,boy
Makoto,girl
Genkai,boy
Yukiteru,boy
Jermaine,boy
Shingen,boy
Jinrai,boy
Jocelyn,girl
Sandra,girl
Uta,girl
Rikuo,boy
Francis,boy
Renee,girl
Collin,boy
Takeshi,boy
Sanji,boy
Kaleigh,girl
Ao,girl
Tadami,boy
Jaylon,boy
Allyson,girl
Baku,boy
Jaden,boy
Tsukumo,boy
Mahiro,boy
Albert,boy
Yashiro,girl
Gilberto,boy
Kyosuke,boy
Setsuna,girl
Peyton,girl
Hugo,boy
Erisa,girl
Yoshino,boy
Seira,girl
Kotomi,girl
Hunter,boy
Anzu,girl
Josephine,girl
Elliot,boy
Shaun,boy
Tyrell,boy
Jay,boy
Kailey,girl
Meisa,girl
Rima,girl
Jessie,boy
Isabel,girl
Tomiko,girl
Sora,girl
Michi,girl
Jayla,girl
Rachael,girl
Shino,boy
Fuji,girl
Momo,girl
Hakuren,boy
Ayaki,girl
Kure,girl
Ririn,girl
Nori,girl
Uzume,girl
Nori,boy
Suzuki,girl
Yosuke,boy
Bailey,boy
Hanako,girl
Ernest,boy
Alondra,girl
Toni,girl
Ella,girl
Meika,girl
Ethan,boy
Nanao,girl
Hanata,boy
Riho,girl
Aito,boy
Jarrod,boy
Melanie,girl
Julianna,girl
Seichi,boy
Josue,boy
Tadashi,boy
Harrison,boy
Bryce,boy
Reagan,girl
Amon,boy
Tyson,boy
Grace,girl
Nikki,girl
Nishiki,boy
Chishino,girl
Carter,boy
Gregory,boy
Deborah,girl
Camron,boy
Misao,boy
Camryn,girl
Ebony,girl
Ume,boy
Higen,boy
Harumasa,boy
Teiko,girl
Mason,boy
Peyton,boy
Kinto,boy
Haise,boy
Takemichi,boy
Brooklyn,girl
Yoshitaka,boy
Micheal,boy
Caleb,boy
Meiko,girl
Robin,boy
Adrianna,girl
Seia,boy
Billy,boy
Tia,girl
Lorenzo,boy
Brendon,boy
Sierra,girl
Taiji,boy
Chihaya,girl
Serena,girl
Savanah,girl
Miu,boy
Elizabeth,girl
Saul,boy
Elias,boy
Bryant,boy
Tetsu,boy
Rolando,boy
Mizue,girl
Wendy,girl
Dustin,boy
Mitsuru,boy
Sayuki,girl
Azumi,girl
Chizuki,girl
Hitoshi,boy
Deko,girl
Quentin,boy
Mae,girl
Doremi,girl
Lesly,girl
Melvin,boy
Akiharu,boy
Blake,boy
Jamie,girl
Madeline,girl
Malik,boy
Braxton,boy
Tomohiro,boy
Timothy,boy
Vanessa,girl
Melody,girl
Krystal,girl
Julian,boy
Akari,boy
Miyu,girl
Kylie,girl
Hatsu,girl
Darren,boy
Carlie,girl
Salvador,boy
Sayako,girl
Kureha,girl
Ben,boy
Densuke,boy
Eddie,boy
Hayase,boy
Airu,boy
Tokiya,boy
Nathalie,girl
Utami,girl
Victor,boy
Yue,girl
Arianna,girl
Carley,girl
Diana,girl
Trevor,boy
Kiku,girl
Tomie,girl
Kotone,girl
Dylan,boy
Fuyume,girl
Ichima,boy
Oscar,boy
Brendan,boy
Edward,boy
Weston,boy
Isuke,boy
Leonardo,boy
Peter,boy
Ismael,boy
Aiku,boy
Mihiro,boy
Chelsey,girl
Nanno,girl
Chris,boy
Suna,girl
Sari,girl
Kiki,girl
Yumeno,girl
Nicholas,boy
Daniel,boy
Stephen,boy
Angelica,girl
Johnathon,boy
Hatsuharu,boy
Solomon,boy
Kenneth,boy
Senka,girl
Macy,girl
Seren,girl
Mckenzie,girl
Aoba,girl
Mine,girl
Felix,boy
Takuto,boy
Tsukito,boy
Liliana,girl
Jonathan,boy
Juan,boy
Graham,boy
Maria,girl
Yuzu,girl
Tomoya,boy
Wade,boy
Ayase,girl
Brenden,boy
Shigeru,boy
Kitsuki,girl
Min,boy
Kaitlin,girl
Ei,boy
Haruki,boy
Shinsei,boy
Azuna,girl
Carissa,girl
Nako,girl
Brian,boy
Saichi,boy
Zenki,boy
Devin,boy
Noa,boy
Shina,girl
Kiyomasa,boy
Corbin,boy
Daichi,boy
Donovan,boy
Erica,girl
Israel,boy
Maxwell,boy
Tayler,girl
Skyler,girl
Kuon,girl
Sawako,girl
Madison,girl
Elisabeth,girl
Neil,boy
Hiyoshi,boy
Taylor,girl
Camille,girl
Amir,boy
Alan,boy
Ashlyn,girl
Yuma,girl
Tami,girl
Priscilla,girl
Hima,girl
Maurice,boy
Bridget,girl
Suga,boy
Oliver,boy
Jaquan,boy
Veronica,girl
Kaylee,girl
Teru,boy
Minako,girl
Sensui,boy
Ray,boy
Hibiki,girl
Jada,girl
Masumi,boy
Airin,girl
Takato,boy
Sophia,girl
Izuki,girl
Joy,girl
Haley,girl
Hime,girl
Zensuke,boy
Ito,boy
Kumo,girl
Kohaku,girl
Simon,boy
Dallas,boy
Somi,girl
Krista,girl
Angela,girl
Monique,girl
Gakuto,boy
Reishi,boy
Kiara,girl
Ieyasu,boy
Rhiannon,girl
Remi,boy
Zenta,boy
Kaitlynn,girl
Fubuki,boy
Savanna,girl
Zoe,girl
Hope,girl
Ramiro,boy
Nagisa,girl
Tianna,girl
Mari,girl
Miyuna,girl
Tatsuya,boy
Karla,girl
Nathan,boy
Selena,girl
Higura,boy
Johnny,boy
Kyler,boy
Tristin,boy
Valeria,girl
Benika,girl
Miroku,boy
Konan,boy
Deven,boy
Zenitsu,boy
Morgan,boy
Tamaki,girl
Haylee,girl
Bailey,girl
Georgia,girl
Hayate,boy
Edwin,boy
Nicolas,boy
Hanna,girl
Myles,boy
Tariq,boy
Kiyomi,boy
River,boy
Jose,boy
Jiren,boy
Sakae,boy
Mina,girl
Harry,boy
Kagemori,boy
Kokoro,boy
Wakatoshi,boy
Sofia,girl
Hitori,boy
Tsubaki,boy
Jenna,girl
Khalil,boy
Kirana,girl
Kunimitsu,boy
Madalyn,girl
Yuriko,girl
Kairi,girl
Derrick,boy
Haruka,girl
Itachi,boy
Tsugumi,boy
Marilyn,girl
Mugen,boy
Kisuke,boy
Maya,boy
Eleanor,girl
Garrett,boy
Eva,girl
Rei,girl
Cameron,girl
Maha,girl
Dawson,boy
Kiho,girl
Doppo,boy
Jarrett,boy
Tatsuki,girl
Ryan,boy
Rogelio,boy
Tatyana,girl
Emiri,girl
Yuzuki,boy
Tabitha,girl
Himeno,girl
Daia,girl
Noriyuki,boy
Noeru,boy
Lydia,girl
Akamaru,boy
Bailee,girl
Alexander,boy
Pika,girl
Kiran,girl
Zenkichi,boy
Mugi,girl
Felipe,boy
Jon,boy
Miranda,girl
Omar,boy
Kristian,boy
Bobby,boy
India,girl
Nozomi,girl
Mio,girl
Sona,girl
Lucy,girl
Jessie,girl
Emiya,boy
Craig,boy
Douglas,boy
Ataru,boy
Hana,girl
Devonte,boy
Hanta,boy
Remi,girl
Mariya,girl
Kuroto,boy
Misa,girl
Orin,girl
Sabrina,girl
Kie,girl
Philip,boy
Riku,girl
Kira,girl
Mondo,boy
Dillon,boy
Konoka,girl
Ashlee,girl
Kokoro,girl
Chiharu,boy
Atomu,boy
Tomoyo,girl
Paris,girl
Anne,girl
Gumi,girl
Purin,girl
Erika,girl
Kaiki,boy
Issa,boy
Yakumo,boy
Jasmine,girl
Fabian,boy
Nadia,girl
Junki,boy
Naomi,girl
Kathryn,girl
Alicia,girl
Roi,boy
Shania,girl
Ruru,girl
Jimmy,boy
Abraham,boy
Michelle,girl
Shizu,girl
Esther,girl
Celeste,girl
Tiara,girl
Rurika,girl
Rose,girl
Ichi,girl
Eishi,boy
Hisashi,boy
Uzuhiko,boy
Scott,boy
Jessica,girl
Tony,boy
Jacquelyn,girl
Aliyah,girl
Kaleb,boy
Ciara,girl
Uki,boy
Kotori,girl
Crystal,girl
Ally,girl
Naho,girl
Himena,girl
Katsuo,boy
Ariana,girl
Himari,girl
Chiyo,girl
Ashley,girl
Aaliyah,girl
April,girl
Kelvin,boy
Naya,girl
Ashleigh,girl
Mya,girl
Nachi,boy
Koto,boy
Elise,girl
Roman,boy
Christian,girl
Ronnie,boy
Kazuki,boy
Kaisei,boy
Yaya,girl
Kate,girl
Mark,boy
Muzan,boy
Andre,boy
Nana,girl
Hira,girl
Ai,boy
Colten,boy
Sayu,girl
Kasane,girl
Ronald,boy
Ariel,boy
Payton,boy
Mizuri,girl
Sueko,girl
Kathleen,girl
Ichiro,boy
Kura,boy
Marshall,boy
Carly,girl
Taishi,boy
Diego,boy
Jonathon,boy
Keishi,boy
Colleen,girl
Nagisa,boy
Nobita,boy
Grayson,boy
Helen,girl
Kennedy,girl
Michael,boy
Momochi,girl
Phillip,boy
Yoshikage,boy
Hokuto,boy
Atsumi,girl
Amami,girl
Angelique,girl
Jayson,boy
Tara,girl
Kiyomi,girl
Alexia,girl
Keima,boy
Jarod,boy
Toshiki,boy
Anthony,boy
Kristin,girl
Avery,girl
Yuina,girl
Reid,boy
Genshin,boy
Kelsey,girl
Kaede,boy
Ginko,girl
Patrick,boy
Inori,boy
Senshi,boy
Beau,boy
Shiro,girl
Cooper,boy
Leo,boy
Akiri,girl
Chikao,boy
Iris,girl
Miyo,girl
Reo,boy
Aine,girl
Ichiko,girl
Carla,girl
Rikimaru,boy
Kierra,girl
Joe,boy
Alyssa,girl
Mimo,girl
Rodrigo,boy
Wyatt,boy
Lauryn,girl
Blaine,boy
Miyuko,girl
Monica,girl
Casey,boy
Mino,boy
Aiko,girl
Toki,girl
Kyla,girl
Issei,boy
Grant,boy
Dante,boy
Sadao,boy
Shawn,boy
Mizu,boy
Sophie,girl
Adrian,boy
Lindsay,girl
Paola,girl
Riria,girl
Io,boy
Masami,girl
Elena,girl
Sasha,girl
Todd,boy
Koharu,girl
Kendrick,boy
Sakuta,boy
Harley,boy
Jayden,boy
Ruben,boy
Cheyanne,girl
Fatima,girl
Kazuichi,boy
Maru,girl
Yuzu,boy
Juko,girl
Dominique,girl
Maru,boy
Sadie,girl
Katsuki,girl
Lesley,girl
Temari,girl
Pedro,boy
Tori,girl
Satori,boy
Isiah,boy
Jade,girl
Alejandro,boy
Owen,boy
Devin,girl
Naoyuki,boy
Niko,boy
Amia,girl
June,girl
Jasmin,girl
Kona,boy
Sumire,boy
Hisako,girl
Louis,boy
Julia,girl
Namiko,girl
Colton,boy
Samuel,boy
Dakota,girl
Tierra,girl
Yozora,girl
Kurogane,boy
Maddison,girl
Jinji,boy
Jennifer,girl
Satoru,boy
Mori,boy
Robert,boy
Mayako,girl
Micah,boy
Marco,boy
Luke,boy
Maruko,boy
Theresa,girl
Sean,boy
Nolan,boy
Mckenna,girl
Sumiko,girl
Madoka,boy
Tatsu,boy
Keaton,boy
Ana,girl
Tristan,boy
Juki,boy
Yuno,girl
Mariko,girl
Kuroha,girl
Bryanna,girl
Miharu,girl
Cole,boy
Michio,boy
Roberto,boy
Riyu,girl
Tsukihi,girl
Heidi,girl
Deandre,boy
Kiyora,girl
Aaron,boy
Una,girl
Aru,boy
Natsu,girl
Britney,girl
Darius,boy
Shinta,boy
Mirai,girl
Kassandra,girl
Kiersten,girl
Moises,boy
Nozomi,boy
Haruya,boy
Arumi,girl
Sukuna,girl
Zeru,boy
Aiyuki,boy
Minori,girl
Francisco,boy
Kasey,girl
Eishin,boy
Noritoshi,boy
Miku,girl
Yukimi,girl
Lacey,girl
Riyuka,girl
Yuto,boy
Triston,boy
Jacqueline,girl
Emika,girl
Tomoaki,boy
Mikage,boy
Skylar,girl
Simone,girl
Hisato,boy
Angel,boy
Tsukiya,boy
Mia,girl
Fumi,girl
Cassie,girl
Asia,girl
Chifuyu,boy
Rafael,boy
Yasuka,girl
Marissa,girl
Justice,boy
Jordan,girl
Tome,girl
Kelli,girl
Bradley,boy
Nazuna,girl
Yuni,boy
Tamara,girl
Chiaki,boy
Uzuki,girl
Amaya,girl
Byron,boy
Cecilia,girl
Lane,boy
Sam,boy
Cameron,boy
Reginald,boy
Tensei,boy
Davon,boy
Akiya,boy
Mariah,girl
Adriana,girl
Aina,girl
Kino,girl
Benjamin,boy
Precious,girl
Tyra,girl
Chandler,boy
Adam,boy
Emmanuel,boy
Charlotte,girl
Evelyn,girl
Ippei,boy
Moa,girl
Masumi,girl
Alejandra,girl
Braden,boy
Nelson,boy
Kaiji,boy
Zane,boy
Clarissa,girl
Eisaku,boy
Chigusa,girl
Heiji,boy
Clayton,boy
Chieri,girl
Wakaba,girl
Jeffery,boy
Kobe,boy
Tsubasa,boy
Naka,boy
Branden,boy
Nachi,girl
Isaac,boy
Santiago,boy
Rosa,girl
Quinn,boy
Kaseya,boy
Kaiza,boy
Ringo,girl
Antonio,boy
Bryson,boy
Shayla,girl
Anna,girl
Makuro,boy
Akaru,boy
Sui,boy
Fumiya,boy
Josiah,boy
Chimi,girl
Mahina,girl
Jerome,boy
Mikazuki,boy
Sydney,girl
Mimi,girl
Jazmine,girl
Lance,boy
Ukiyo,girl
Gin,boy
Celine,girl
Kara,girl
Setsuko,girl
Amanda,girl
Nazumi,girl
Clara,girl
Nikita,boy
Conor,boy
Yoshie,girl
Chidori,girl
Danny,boy
Sara,girl
Devan,boy
Takayuki,boy
Yako,girl
Angelina,girl
Eric,boy
Logan,girl
Valerie,girl
Erick,boy
Jaime,boy
Kisame,boy
Kumao,boy
Jian,boy
Ali,boy
Noriaki,boy
Rian,boy
Zachery,boy
Iota,boy
David,boy
Karl,boy
Riya,girl
Baylee,girl
Mafuyu,girl
Karin,boy
Thomas,boy
Kirie,girl
Toto,boy
Laura,girl
Tsugumi,girl
Shiemi,girl
Claudia,girl
Fuyuki,girl
Kurisu,girl
Makenzie,girl
Isabelle,girl
Nara,girl
Lorena,girl
Rosa,girl
Seiki,boy
Gabriela,girl
Jordon,boy
Himaru,boy
Minari,girl
Ikuto,boy
Kishiko,girl
Sergio,boy
Maggie,girl
Hikari,boy
Akihiko,boy
Daizen,boy
Aera,girl
Bianca,girl
Theodore,boy
Iyori,girl
Tokiko,girl
Denise,girl
Nero,boy
Brett,boy
Alvin,boy
Rinka,girl
Kei,girl
Hazuki,girl
Christina,girl
Abigail,girl
Sharon,girl
Leonard,boy
Mikayla,girl
Caitlin,girl
Haru,girl
Tsune,boy
Giselle,girl
Aiki,boy
Hatsuki,boy
Noelle,girl
Eirin,girl
Kayleigh,girl
Deshawn,boy
Dominic,boy
Tatsumi,boy
Kono,girl
Shizuo,boy
Daniella,girl
Nozomu,boy
Neon,boy
Breana,girl
Yukichi,boy
Briana,girl
Sonia,girl
Mitsuru,girl
Risa,girl
Kenny,boy
William,boy
Mckayla,girl
Marquise,boy
Max,boy
Kazami,boy
Justine,girl
Chelsea,girl
Satsuki,boy
Kiyuki,girl
Yuiko,girl
Lillian,girl
Isaki,boy
Hinako,girl
Paige,girl
Nicole,girl
Yumeka,girl
Pablo,boy
Kazu,girl
Iori,boy
Carl,boy
Julie,girl
Reika,girl
Angel,girl
Ranma,boy
Usaki,girl
Destinee,girl
Akia,boy
Miriam,girl
Rodolfo,boy
Rylee,girl
Elliott,boy
Austin,boy
Nanato,boy
Essence,girl
Mo,boy
Ava,girl
Hiromu,boy
Ama,girl
Kizuna,boy
Cedric,boy
Matthew,boy
Moeka,girl
Parker,boy
Esteban,boy
Tadao,boy
Susan,girl
Naiko,girl
Joanna,girl
Ririka,girl
Akako,girl
Alexis,girl
Gary,boy
Miharu,boy
Haruno,girl
Ashton,boy
Hiyo,girl
Shinkai,boy
Ruki,girl
Arthur,boy
Raichi,boy
Daiya,boy
Kairi,boy
Baki,boy
Garret,boy
Taylor,boy
Mizu,girl
Irene,girl
Alexandria,girl
Nanase,girl
Jorge,boy
Kanon,girl
Shinori,girl
Keita,boy
Jonah,boy
Jeremy,boy
Andy,boy
Ari,girl
Cynthia,girl
Alexis,boy
Andrea,girl
Destiny,girl
Akiyo,girl
Johanna,girl
Jura,boy
Joshua,boy
Meghan,girl
Hiromi,girl
Sento,boy
Isabella,girl
Kaguya,girl
Akemi,boy
Kirara,girl
Candace,girl
Nathaniel,boy
Marlon,boy
Marvin,boy
Kyra,girl
Brock,boy
Manuel,boy
Naru,girl
Kairen,boy
Janelle,girl
Katrina,girl
Tachi,boy
Kise,girl
Ichimaru,boy
Jamie,boy
Jalen,boy
Yukimaru,boy
Nayuta,boy
Brittany,girl
Kunio,boy
Bennett,boy
Riku,boy
Lukas,boy
Madelyn,girl
Kasuga,boy
Kanji,boy
Jack,boy
Kacie,girl
Azu,girl
Kamari,girl
Rikuto,boy
Tokio,boy
Hanae,girl
Nickolas,boy
Seigo,boy
Misaki,girl
Tyree,boy
Clay,boy
Eren,boy
Yasuhiro,boy
Mamori,girl
Haruta,boy
Oki,boy
Damon,boy
Julissa,girl
Karissa,girl
Kody,boy
Kiara,girl
Tania,girl
Rodney,boy
Glenn,boy
Chikara,boy
Isuzu,girl
Yuku,boy
Maemi,girl
Naoko,girl
Kiri,boy
Azu,boy
Miya,boy
Hanji,boy
Aoi,boy
Willie,boy
Kaylie,girl
Julius,boy
Carlos,boy
Kizuki,boy
Mitsune,girl
Jeremiah,boy
Subaru,girl
Pamela,girl
Mayumi,girl
Hato,boy
Seishin,boy
Marcos,boy
Saya,boy
Mayra,girl
Wesley,boy
Trevon,boy
Rene,boy
Skyler,boy
Cierra,girl
Kurona,girl
Saori,girl
Guillermo,boy
Niki,boy
Ori,girl
Makoto,boy
Desmond,boy
Holden,boy
Miki,girl
Yukine,girl
Annie,girl
Ayanna,girl
Eiki,boy
Evan,boy
Ty,boy
Ryoku,boy
Mauricio,boy
Hiromi,boy
Ruth,girl
Amelia,girl
Armando,boy
Marie,girl
Tsuki,boy
Ozu,boy
Abel,boy
Dai,boy
Akita,boy
Tomoko,girl
Atsuki,boy
Hinari,girl
Riyo,boy
Donte,boy
Yomi,girl
Tanner,boy
Natsuka,girl
Kuna,girl
Lauren,girl
Yukika,girl
Eli,boy
Eliza,girl
Patricia,girl
Tomas,boy
Heaven,girl
Tadaki,boy
Osamu,boy
Brennan,boy
Alec,boy
Riley,girl
Marcus,boy
Iroha,boy
Cory,boy
Tomi,boy
Ian,boy
Duncan,boy
Nancy,girl
Asana,girl
Mitsuki,girl
Micaela,girl
Motoki,boy
Mie,girl
Natalie,girl
Maeko,girl
Mafuyu,boy
Jaclyn,girl
Keira,girl
Keenan,boy
Andrew,boy
Griffin,boy
Kyasarin,girl
Hoshina,girl
Kazuna,girl
Summer,girl
Nijiko,girl
Yune,girl
Naori,girl
Zenshin,boy
Shizuka,girl
Tyler,boy
Jien,girl
Dana,girl
Mathew,boy
Meguru,boy
Mikage,girl
Yona,girl
Zackary,boy
Orlando,boy
Makito,boy
Aoba,boy
Zachariah,boy
Kaitlyn,girl
Franklin,boy
Suzuna,girl
Kaede,girl
Hibana,girl
Kodai,boy
Kazeo,boy
Gage,boy
Carolina,girl
Tamao,boy
Harika,girl
Nia,girl
Naomi,boy
Aida,boy
Kuroki,boy
Airu,girl
Fuyu,boy
Tenshi,girl
Perla,girl
Keith,boy
Darrell,boy
Natsumi,girl
Mary,girl
Rebekah,girl
Colin,boy
Serena,girl
Eru,boy
Akami,girl
Marina,girl
Yasu,boy
Erin,girl
Caroline,girl
Randall,boy
Walker,boy
Niji,boy
Akura,girl
Natsume,boy
Jaylen,boy
Leslie,girl
Makenna,girl
Kira,girl
Hayley,girl
Kuni,girl
Kusuo,boy
Holly,girl
Miguel,boy
Alexus,girl
Ross,boy
Kagome,girl
Abby,girl
Daniela,girl
Hiroki,boy
Barbara,girl
Carrie,girl
Take,boy
Travis,boy
Masakazu,boy
Kane,boy
Tenma,boy
Nuriko,girl
Dean,boy
Ranko,girl
Yoshinobu,boy
Shigeo,boy
Terry,boy
Taryn,girl
Etsuko,girl
Michaela,girl
Christopher,boy
Moto,boy
Karen,girl
Yasmin,girl
Emu,girl
Haruaki,boy
Cassidy,girl
Marisa,girl
Rei,boy
Masao,boy
Torakichi,boy
Haruto,boy
Alfonso,boy
Zero,boy
Katelynn,girl
Ayami,girl
